sex,age_class,equipment,weight_class,lift,record_kg,athlete,meet,date_iso,notes
M,Jugend,Raw,53,Squat,,,,,Rekord offen
M,Junioren,Raw,53,Squat,,,,,Rekord offen
M,Open,Raw,59,Squat,175,HAHNENKAMP Stephan,"Österr. Meisterschaft Nachwuchs KDK Amstetten, Nö",2026-06-07,
M,Jugend,Raw,59,Squat,132.5,BINDER Markus,"Österr. Meisterschaft Allg KDK Haid, Oö",2015-12-12,
M,Junioren,Raw,59,Squat,175,HAHNENKAMP Stephan,"Österr. Meisterschaft Nachwuchs KDK Amstetten, Nö",2026-06-07,
M,AK1,Raw,59,Squat,155,REITINGER Christof,"Österr. Meisterschaft AK KDK Mayrwies, S",2021-07-25,
M,AK2,Raw,59,Squat,85,"FENZL Josef, II","3. RAW-Meisterschaft Allg KDK Stockerau, Nö",2011-06-05,
M,AK3,Raw,59,Squat,55,"FENZL Josef, II","Staatsmeisterschaft Allg KDK Amstetten, Nö",2021-09-05,
M,AK4,Raw,59,Squat,,,,,Rekord offen
M,Open,Raw,66,Squat,240,CATENA Joel,"Staatsmeisterschaft Allg KDK Wien, W",2024-09-15,
M,Jugend,Raw,66,Squat,192.5,WITTMANN Maxim,"Niederösterr. Meisterschaft KDK Amstetten, Nö",2025-05-04,
M,Junioren,Raw,66,Squat,203,GLIEBE Nikolas,"Staatsmeisterschaft Allg KDK Freistadt, Oö",2019-09-21,
M,AK1,Raw,66,Squat,177.5,WENKA Christian,"Europameisterschaft AK 1-4 KDK Albi, Frankreich",2020-03-13,
M,AK2,Raw,66,Squat,150,STADLHOFER Ewald,Österr. Meisterschaft Nachwuchs KDK Wien-Stadt,2024-06-29,
M,AK3,Raw,66,Squat,65,"FENZL Josef, II",Österr. Meisterschaft Nachwuchs KDK Wien-Stadt,2024-06-29,
M,AK4,Raw,66,Squat,,,,,Rekord offen
M,Open,Raw,74,Squat,247.5,GLIEBE Nikolas,"Staatsmeisterschaft Allg KDK Amstetten, Nö",2023-09-10,
M,Jugend,Raw,74,Squat,215.5,MATZEK Valentin,"Österr. Meisterschaft Nachwuchs KDK Amstetten, Nö",2026-06-07,
M,Junioren,Raw,74,Squat,237.5,BALAZS Adrian,Staatsmeisterschaft Allg KDK Wien-Stadt,2025-09-07,
M,AK1,Raw,74,Squat,210,LIEB Rene,"Weltmeisterschaft AK 1-4 KDK Cape Town, Südafrika",2025-10-19,
M,AK2,Raw,74,Squat,180,MÖTH Helmut,"Wiener Meisterschaft KDK Stockerau, Nö",2024-05-05,
M,AK3,Raw,74,Squat,155,MAYER Gerhard,"Wiener Meisterschaft KDK Stockerau, Nö",2022-05-08,
M,AK4,Raw,74,Squat,118,STROHOFER Werner,"Salzburger Meisterschaft KDK Salzburg, S",2026-04-12,
M,Open,Raw,83,Squat,260.5,KREUZER Lukas,"Staatsmeisterschaft Allg KDK Amstetten, Nö",2023-09-10,
M,Jugend,Raw,83,Squat,230,ZHOU Emilio,"Staatsmeisterschaft Allg KDK Amstetten, Nö",2023-09-10,
M,Junioren,Raw,83,Squat,255,HOFER René,"Europameisterschaft Jun KDK Kaunas, Litauen",2018-12-02,
M,AK1,Raw,83,Squat,212.5,KEPPLER Matthias,"Europameisterschaft Masters KDK Pilsen, Tschechien",2021-07-13,
M,AK2,Raw,83,Squat,198,MÖTH Helmut,"Österr. Meisterschaft Masters KDK Amstetten, Nö",2026-06-07,
M,AK3,Raw,83,Squat,157.5,REISS Johannes,"Europameisterschaft AK 1-4 KDK Györ, Ungarn",2019-03-10,
M,AK4,Raw,83,Squat,102.5,WINKLER Matthias,"Salzburger Meisterschaft KDK Grödig, S",2022-05-15,
M,Open,Raw,93,Squat,308,HOFER René,Staatsmeisterschaft Allg KDK Wien-Stadt,2025-09-07,
M,Jugend,Raw,93,Squat,275,PETERSEN Simon,"Österr. Meisterschaft Jug KDK Frauenkirchen, B",2023-06-25,
M,Junioren,Raw,93,Squat,282.5,HOFER René,"Europameisterschaft Allg KDK Kaunas, Litauen",2019-12-07,
M,AK1,Raw,93,Squat,252.5,MUSIL Michael,"Staatsmeisterschaft Allg KDK Amstetten, Nö",2021-09-04,
M,AK2,Raw,93,Squat,252.5,MUSIL Michael,"Staatsmeisterschaft Allg KDK Amstetten, Nö",2021-09-04,
M,AK3,Raw,93,Squat,170,SOLONAKIS Dimitros,"Oberösterr. Meisterschaft KDK Gallneukirchen, Oö",2026-05-03,
M,AK4,Raw,93,Squat,120,KHOSROW Riahi,"Landesmeisterschaft Nö KDK Amstetten, Nö",2021-08-14,
M,Open,Raw,105,Squat,320,BRUNNER Rene,"Europameisterschaft Masters KDK Budapest, Ungarn",2023-03-05,
M,Jugend,Raw,105,Squat,301,DEMIR Hamza,"Weltmeisterschaft Jugend KDK Cluj-Napoca, Rumänien",2023-09-03,
M,Junioren,Raw,105,Squat,301,DEMIR Hamza,"Weltmeisterschaft Jugend KDK Cluj-Napoca, Rumänien",2023-09-03,
M,AK1,Raw,105,Squat,320,BRUNNER Rene,"Europameisterschaft Masters KDK Budapest, Ungarn",2023-03-05,
M,AK2,Raw,105,Squat,222.5,RASPOTNIG Günther,Österr. Meisterschaft Nachwuchs KDK Wien-Stadt,2024-06-29,
M,AK3,Raw,105,Squat,192.5,RASPOTNIG Günther,"Österr. Meisterschaft Masters KDK Amstetten, Nö",2026-06-07,
M,AK4,Raw,105,Squat,90,BAUMHACKL Helmut,Österr. Meisterschaft Nachwuchs KDK Wien-Stadt,2024-06-29,
M,Open,Raw,120,Squat,310,EINFALT Matthias,"Länderpokal Kraftdreikampf Classic Dornbirn, V",2025-07-05,
M,Jugend,Raw,120,Squat,270,KELEMEN Raphael,"Österr. Meisterschaft Nachwuchs KDK Scharnstein, Oö",2025-06-21,
M,Junioren,Raw,120,Squat,297.5,BACHNER Ludwig,"Europameisterschat Allg KDK Västeras, Schweden",2021-12-12,
M,AK1,Raw,120,Squat,300,LEBERWURST Franz,"Austria Classic Cup Allg KDK Stockerau, Nö",2012-03-17,
M,AK2,Raw,120,Squat,240,KASPAREK Gernot,"Steirische Meisterschaft KDK Feldkirchen, St",2025-03-23,
M,AK3,Raw,120,Squat,177.5,HUEMER Franz,"Österr. Meisterschaft Masters KDK Scharnstein, Oö",2025-06-21,
M,AK4,Raw,120,Squat,,,,,Rekord offen
M,Open,Raw,120+,Squat,325.5,NIKOLIC Philip,"Österr. Meisterschaft Nachwuchs KDK Scharnstein, Oö",2025-06-21,
M,Jugend,Raw,120+,Squat,290,NIKOLIC Philip,"Europameisterschaft Allg KDK Skierniewice, Polen",2022-12-04,
M,Junioren,Raw,120+,Squat,325.5,NIKOLIC Philip,"Österr. Meisterschaft Nachwuchs KDK Scharnstein, Oö",2025-06-21,
M,AK1,Raw,120+,Squat,262.5,FERSTL Günther,"Staatsmeisterschaft Allg KDK Amstetten, NÖ",2023-09-09,
M,AK2,Raw,120+,Squat,230,KERSCHBAUMER Bernd,"Staatsmeisterschaft Allg KDK Stockerau, Nö",2016-12-03,
M,AK3,Raw,120+,Squat,170,HABERFELLNER Günter,"Österr. Meisterschaft Masters KDK Frauenkirchen, B",2023-06-25,
M,AK4,Raw,120+,Squat,,,,,Rekord offen
M,Jugend,Raw,53,Bench,,,,,Rekord offen
M,Junioren,Raw,53,Bench,,,,,Rekord offen
M,Open,Raw,59,Bench,120.5,SAVUT Panha Vong,"Österr. Meisterschaft Nachwuchs KDK Amstetten, Nö",2026-06-07,
M,Jugend,Raw,59,Bench,92.5,SEIDNITZER Julian,"Landesmeisterschaft St KDK Ottendorf, St",2020-08-22,
M,Junioren,Raw,59,Bench,120.5,SAVUT Panha Vong,"Österr. Meisterschaft Nachwuchs KDK Amstetten, Nö",2026-06-07,
M,AK1,Raw,59,Bench,105,MATHES Gerhard,"Österr. Meisterschaft Allg KDK Stockerau, Nö",2013-05-18,
M,AK2,Raw,59,Bench,50,"FENZL Josef, sen.","3. RAW-Meisterschaft Allg KDK Stockerau, Nö",2011-06-05,
M,AK3,Raw,59,Bench,45,"FENZL Josef, II","Staatsmeisterschaft Allg KDK Amstetten, Nö",2021-09-05,
M,AK4,Raw,59,Bench,,,,,Rekord offen
M,Open,Raw,66,Bench,162.5,CATENA Joel,"Weltmeisterschaft Allg KDK Chemnitz, Deutschland",2025-06-15,
M,Jugend,Raw,66,Bench,116,STEPKE Jakob,"Österr. Meisterschaft Jug KDK Lochen, Oö",2019-06-30,
M,Junioren,Raw,66,Bench,133,PERSOGLIO Adrian,"Steirische Meisterschaft KDK Stallhofen, St",2026-04-26,
M,AK1,Raw,66,Bench,102.5,WENKA Christian,"Europameisterschaft AK 1-4 KDK Albi, Frankreich",2020-03-13,
M,AK2,Raw,66,Bench,82.5,STADLHOFER Ewald,"Landesmeisterschaft St KDK Ottendorf, St",2020-08-22,
M,AK3,Raw,66,Bench,46,"FENZL Josef, II","Österr. Meisterschaft Masters KDK Frauenkirchen, B",2023-06-25,
M,AK4,Raw,66,Bench,,,,,Rekord offen
M,Open,Raw,74,Bench,170.5,KARNER Gerald,"Steirische Meisterschaft KDK Feldkirchen, St",2024-03-24,
M,Jugend,Raw,74,Bench,147.5,HUTTERER Niklas,"Oberösterr. Meisterschaft KDK Amstetten, Nö",2025-05-04,
M,Junioren,Raw,74,Bench,150.5,KAINBACHER Stephan,"Österr. Meisterschaft Nachwuchs KDK Frauenkirchen, B",2022-06-18,
M,AK1,Raw,74,Bench,135,LIEB Rene,"Wiener Meisterschaft KDK Stockerau, Nö",2023-04-23,
M,AK2,Raw,74,Bench,120,DEIMEL Ewald,"Österr. Meisterschaft AK 1-4 KDK Stockerau, Nö",2018-06-23,
M,AK3,Raw,74,Bench,93.5,STROHOFER Werner,"Österr. Meisterschaft Allg KDK Haid, Oö",2015-12-12,
M,AK4,Raw,74,Bench,75.5,STROHOFER Werner,"Staatsmeisterschaft Allg KDK Amstetten, Nö",2021-09-05,
M,Open,Raw,83,Bench,195,KREUZER Lukas,"Staatsmeisterschaft Allg KDK Amstetten, Nö",2023-09-10,
M,Jugend,Raw,83,Bench,183,ZHOU Emilio,"Niederösterr. Meisterschaft Classic KDK Amstetten, Nö",2023-03-26,
M,Junioren,Raw,83,Bench,190,SCHNELL Raffael,"Europameisterschaft Nachwuchs KDK Druskininkai, Litauen",2025-12-07,
M,AK1,Raw,83,Bench,172.5,ZEILINGER Andreas,"Austria Classic Cup Allg KDK Stockerau, Nö",2012-03-17,
M,AK2,Raw,83,Bench,158.5,WEGERER Michael,"Europameisterschaft Masters KDK Budapest, Ungarn",2023-03-05,
M,AK3,Raw,83,Bench,102.5,REITTER Wolfgang,"Europameisterschaft Masters KDK Pilsen, Tschechien",2021-07-13,
M,AK4,Raw,83,Bench,90,WINKLER Matthias,"Salzburger Meisterschaft KDK Grödig, S",2022-05-15,
M,Open,Raw,93,Bench,211,KREUZER Lukas,Staatsmeisterschaft Allg KDK Wien-Stadt,2025-09-07,
M,Jugend,Raw,93,Bench,175.5,PRIESCHING Simon,"Österr. Meisterschaft Nachwuchs KDK Amstetten, Nö",2026-06-07,
M,Junioren,Raw,93,Bench,200.5,PITSCHEIDER Matthias,"Tiroler Meisterschaft Classic KDK Dornbirn, V",2024-04-27,
M,AK1,Raw,93,Bench,195,KLOTZ Christian,"Europameisterschaft AK 1-4 KDK Thisted, Dänemark",2018-03-10,
M,AK2,Raw,93,Bench,165,MUSIL Michael,"Europameisterschaft Masters KDK Pilsen, Tschechien",2021-07-13,
M,AK3,Raw,93,Bench,140,SOLONAKIS Dimitros,"Oberösterr. Meisterschaft KDK Gallneukirchen, Oö",2026-05-03,
M,AK4,Raw,93,Bench,101,KHOSROW Riahi,"Landesmeisterschaft Nö KDK Amstetten, Nö",2021-08-14,
M,Open,Raw,105,Bench,210.5,DEMIR Hamza,"Österr. Meisterschaft Jug KDK Frauenkirchen, B",2023-06-25,
M,Jugend,Raw,105,Bench,210.5,DEMIR Hamza,"Österr. Meisterschaft Jug KDK Frauenkirchen, B",2023-06-25,
M,Junioren,Raw,105,Bench,210.5,DEMIR Hamza,"Österr. Meisterschaft Jug KDK Frauenkirchen, B",2023-06-25,
M,AK1,Raw,105,Bench,210,KLOTZ Christian,"Europameisterschaft AK 1-4 KDK Györ, Ungarn",2019-03-10,
M,AK2,Raw,105,Bench,162.5,MUSIL Michael,"Staatsmeisterschaft Allg KDK Amstetten, Nö",2021-09-04,
M,AK3,Raw,105,Bench,163,HUEMER Franz,"Salzburger Meisterschaft KDK Salzburg, S",2023-04-23,
M,AK4,Raw,105,Bench,75,WAGENLEITNER Günther,"Niederösterr. Meisterschaft KDK Amstetten, Nö",2022-03-20,
M,Open,Raw,120,Bench,227.5,KASPAREK Gernot,"Europameisterschaft Allg 1-4 KDK Pilsen, Tschechien",2015-03-28,
M,Jugend,Raw,120,Bench,160,SARIOGLU Emirhan,Österr. Meisterschaft Nachwuchs KDK Wien-Stadt,2024-06-29,
M,Junioren,Raw,120,Bench,195,LEHNER Philipp,"Oberösterr. Meisterschaft KDK Amstetten, Nö",2024-05-12,
M,AK1,Raw,120,Bench,227.5,KASPAREK Gernot,"Europameisterschaft Allg 1-4 KDK Pilsen, Tschechien",2015-03-28,
M,AK2,Raw,120,Bench,182.5,KASPAREK Gernot,"Steirische Meisterschaft KDK Feldkirchen, St",2025-03-23,
M,AK3,Raw,120,Bench,161,HUEMER Franz,"Österr. Meisterschaft Masters KDK Scharnstein, Oö",2025-06-21,
M,AK4,Raw,120,Bench,,,,,Rekord offen
M,Open,Raw,120+,Bench,250,RENNER Alexander,"Burgenländische Meisterschaft KDK Frauenkirchen, B",2024-04-27,
M,Jugend,Raw,120+,Bench,182.5,NIKOLIC Philip,"Europameisterschaft Allg KDK Skierniewice, Polen",2022-12-04,
M,Junioren,Raw,120+,Bench,228,NIKOLIC Philip,"Österr. Meisterschaft Nachwuchs KDK Amstetten, Nö",2026-06-07,
M,AK1,Raw,120+,Bench,190,PUCHEGGER Jürgen,"Landesmeisterschaft W KDK Stockerau, Nö",2021-08-08,
M,AK2,Raw,120+,Bench,170,KERSCHBAUMER Bernd,"Weltmeisterschaft AK 1-4 KDK Minsk, Weißrussland",2017-06-25,
M,AK3,Raw,120+,Bench,117.5,HABERFELLNER Günter,"Europameisterschaft Masters KDK Budapest, Ungarn",2023-03-05,
M,AK4,Raw,120+,Bench,,,,,Rekord offen
M,Jugend,Raw,53,Deadlift,,,,,Rekord offen
M,Junioren,Raw,53,Deadlift,,,,,Rekord offen
M,Open,Raw,59,Deadlift,200,SAVUT Panha Vong,Staatsmeisterschaft Allg KDK Wien-Stadt,2025-09-07,
M,Jugend,Raw,59,Deadlift,150,BINDER Markus,"Int. Nachwuchsturnier KDK Stockerau, Nö",2014-07-20,
M,Junioren,Raw,59,Deadlift,200,SAVUT Panha Vong,Staatsmeisterschaft Allg KDK Wien-Stadt,2025-09-07,
M,AK1,Raw,59,Deadlift,195,REITINGER Christof,"Österr. Meisterschaft AK KDK Mayrwies, S",2021-07-25,
M,AK2,Raw,59,Deadlift,110,"FENZL Josef, sen.","3. RAW-Meisterschaft Allg KDK Stockerau, Nö",2011-06-05,
M,AK3,Raw,59,Deadlift,85,"FENZL Josef, II","Staatsmeisterschaft Allg KDK Amstetten, Nö",2021-09-05,
M,AK4,Raw,59,Deadlift,,,,,Rekord offen
M,Open,Raw,66,Deadlift,262.5,CATENA Joel,Staatsmeisterschaft Allg KDK Wien-Stadt,2025-09-07,
M,Jugend,Raw,66,Deadlift,210,WITTMANN Maxim,"Österr. Meisterschaft Nachwuchs KDK Scharnstein, Oö",2025-06-21,
M,Junioren,Raw,66,Deadlift,238,BALAZS Adrian,"Österr. Meisterschaft Jun KDK Frauenkirchen, B",2023-06-25,
M,AK1,Raw,66,Deadlift,225,WENKA Christian,"Europameisterschaft AK 1-4 KDK Albi, Frankreich",2020-03-13,
M,AK2,Raw,66,Deadlift,170,STADLHOFER Ewald,"Landesmeisterschaft St KDK Ottendorf, St",2020-08-22,
M,AK3,Raw,66,Deadlift,95,"FENZL Josef, II",Österr. Meisterschaft Nachwuchs KDK Wien-Stadt,2024-06-29,
M,AK4,Raw,66,Deadlift,,,,,Rekord offen
M,Open,Raw,74,Deadlift,285,JOCH Pascal,"Wiener Meisterschaft Allgeimein KDK Stockerau, Nö",2026-04-18,
M,Jugend,Raw,74,Deadlift,230,SCHIPEK Liuming,"Staatsmeisterschaft KDK Amstetten, Nö",2023-09-10,
M,Junioren,Raw,74,Deadlift,263,SCHRAMMEL Kurt Florian,"Österr. Meisterschaft Jun KDK Frauenkirchen, B",2023-06-25,
M,AK1,Raw,74,Deadlift,238,SCHOBER Johannes,"Österr. Meisterschaft Masters KDK Scharnstein, Oö",2025-06-21,
M,AK2,Raw,74,Deadlift,227.5,MÖTH Helmut,Österr. Meisterschaft Nachwuchs KDK Wien-Stadt,2024-06-29,
M,AK3,Raw,74,Deadlift,177.5,STROHOFER Werner,Staatsmeisterschaft Allg KDK Wien-Stadt,2017-12-17,
M,AK4,Raw,74,Deadlift,151,STROHOFER Werner,"Salzburger Meisterschaft KDK Grödig, S",2022-05-15,
M,Open,Raw,83,Deadlift,310,HIMMELBAUER David,Staatsmeisterschaft Allg KDK Wien-Stadt,2025-09-07,
M,Jugend,Raw,83,Deadlift,270,ZHOU Emilio,"Staatsmeisterschaft Allg KDK Amstetten, Nö",2023-09-10,
M,Junioren,Raw,83,Deadlift,307.5,SCHNELL Raffael,"Europameisterschaft Nachwuchs KDK Druskininkai, Litauen",2025-12-07,
M,AK1,Raw,83,Deadlift,247.5,MÖTH Helmut,"Staatsmeisterschaft Allg KDK Stockerau, Nö",2016-12-03,
M,AK2,Raw,83,Deadlift,236,WEGERER Michael,"Österr. Meisterschaft Masters KDK Amstetten, Nö",2026-06-07,
M,AK3,Raw,83,Deadlift,185,REISS Johannes,"Europameisterschaft AK 1-4 KDK Györ, Ungarn",2019-03-10,
M,AK4,Raw,83,Deadlift,152.5,WINKLER Matthias,"Salzburger Meisterschaft KDK Grödig, S",2022-05-15,
M,Open,Raw,93,Deadlift,325.5,PRÜCKLER Benjamin,"Österr. Meisterschaft Nachwuchs KDK Scharnstein, Oö",2025-06-21,
M,Jugend,Raw,93,Deadlift,300,JAHN Oliwier,"Steirische Meisterschaft KDK Feldkirchen, St",2025-03-23,
M,Junioren,Raw,93,Deadlift,325.5,PRÜCKLER Benjamin,"Österr. Meisterschaft Nachwuchs KDK Scharnstein, Oö",2025-06-21,
M,AK1,Raw,93,Deadlift,290,MUSIL Michael,"Europameisterschaft Masters KDK Pilsen, Tschechien",2021-07-13,
M,AK2,Raw,93,Deadlift,290,MUSIL Michael,"Europameisterschaft Masters KDK Pilsen, Tschechien",2021-07-13,
M,AK3,Raw,93,Deadlift,210,SOLANAKIS Dimitrios,"Österr. Meisterschaft Masters KDK Scharnstein, Oö",2025-06-21,
M,AK4,Raw,93,Deadlift,170,WAGENLEITNER Günther,"Österr. Meisterschaft Allg KDK Stockerau, Nö",2013-05-18,
M,Open,Raw,105,Deadlift,345,DEMIR Hamza,"Österr. Meisterschaft Jug KDK Frauenkirchen, B",2023-06-25,
M,Jugend,Raw,105,Deadlift,345,DEMIR Hamza,"Österr. Meisterschaft Jug KDK Frauenkirchen, B",2023-06-25,
M,Junioren,Raw,105,Deadlift,345,DEMIR Hamza,"Österr. Meisterschaft Jug KDK Frauenkirchen, B",2023-06-25,
M,AK1,Raw,105,Deadlift,300,RUBIN Drasko,"Österr. Meisterschaft Masters KDK Amstetten, Nö",2026-06-07,
M,AK2,Raw,105,Deadlift,250,HUEMER Franz,"Österr. Meisterschaft Allg KDK Stockerau, Nö",2013-05-18,
M,AK3,Raw,105,Deadlift,243,JOHANN Reinhold,"Österr. Meisterschaft Masters KDK Amstetten, Nö",2026-06-07,
M,AK4,Raw,105,Deadlift,140,WAGENLEITNER Günther,"Niederösterr. Meisterschaft KDK Amstetten, Nö",2022-03-20,
M,Open,Raw,120,Deadlift,347.5,LEITNER Michael,"Staatsmeisterschaft Allg KDK Wien, W",2024-09-15,
M,Jugend,Raw,120,Deadlift,275.5,SARIOGLU Emirhan,Österr. Meisterschaft Nachwuchs KDK Wien-Stadt,2024-06-29,
M,Junioren,Raw,120,Deadlift,320,GEBESMAIR Jan,"Staatsmeisterschaft Allg KDK Haid, Oö",2018-10-28,
M,AK1,Raw,120,Deadlift,300,LEBERWURST Franz,"Austria Classic Cup Allg KDK Stockerau, Nö",2012-03-17,
M,AK2,Raw,120,Deadlift,245,KASPAREK Gernot,"Steirische Meisterschaft KDK Feldkirchen, St",2025-03-23,
M,AK3,Raw,120,Deadlift,210,HUEMER Franz,"Salzburger Meisterschaft KDK Villach, K",2025-04-26,
M,AK4,Raw,120,Deadlift,,,,,Rekord offen
M,Open,Raw,120+,Deadlift,355.5,RENNER Alexander,"Burgenländische Meisterschaft KDK Frauenkirchen, B",2024-04-27,
M,Jugend,Raw,120+,Deadlift,275,NIKOLIC Philip,"Europameisterschaft Allg KDK Skierniewice, Polen",2022-12-04,
M,Junioren,Raw,120+,Deadlift,340,RENNER Alexander,"Staatsmeisterschaft Allg KDK Amstetten, Nö",2021-09-04,
M,AK1,Raw,120+,Deadlift,280,GRABNER Markus,Staatsmeisterschaft Allg KDK Wien-Stadt,2017-12-17,
M,AK2,Raw,120+,Deadlift,260,KERSCHBAUMER Bernd,"Weltmeisterschaft AK 1-4 KDK Minsk, Weißrussland",2017-06-25,
M,AK3,Raw,120+,Deadlift,170,HABERFELLNER Günter,"Österr. Meisterschaft Masters KDK Frauenkirchen, B",2023-06-25,
M,AK4,Raw,120+,Deadlift,,,,,Rekord offen
M,Jugend,Raw,53,Total,,,,,Rekord offen
M,Junioren,Raw,53,Total,,,,,Rekord offen
M,Open,Raw,59,Total,490,SAVUT Panha Vong,"Österr. Meisterschaft Nachwuchs KDK Amstetten, Nö",2026-06-07,
M,Jugend,Raw,59,Total,372.5,BINDER Markus,"Österr. Meisterschaft Allg KDK Haid, Oö",2015-12-12,
M,Junioren,Raw,59,Total,490,SAVUT Panha Vong,"Österr. Meisterschaft Nachwuchs KDK Amstetten, Nö",2026-06-07,
M,AK1,Raw,59,Total,435,REITINGER Christof,"Österr. Meisterschaft AK KDK Mayrwies, S",2021-07-25,
M,AK2,Raw,59,Total,245,"FENZL Josef, sen.","3. RAW-Meisterschaft Allg KDK Stockerau, Nö",2011-06-05,
M,AK3,Raw,59,Total,185,"FENZL Josef, II","Staatsmeisterschaft Allg KDK Amstetten, Nö",2021-09-05,
M,AK4,Raw,59,Total,,,,,Rekord offen
M,Open,Raw,66,Total,660,CATENA Joel,Staatsmeisterschaft Allg KDK Wien-Stadt,2025-09-07,
M,Jugend,Raw,66,Total,500.5,WITTMANN Maxim,"Niederösterr. Meisterschaft KDK Amstetten, Nö",2025-05-04,
M,Junioren,Raw,66,Total,545.5,GLIEBE Nikolas,"Staatsmeisterschaft Allg KDK Freistadt, Oö",2019-09-21,
M,AK1,Raw,66,Total,505,WENKA Christian,"Europameisterschaft AK 1-4 KDK Albi, Frankreich",2020-03-13,
M,AK2,Raw,66,Total,397.5,STADLHOFER Ewald,"Landesmeisterschaft St KDK Ottendorf, St",2020-08-22,
M,AK3,Raw,66,Total,202.5,"FENZL Josef, II",Österr. Meisterschaft Nachwuchs KDK Wien-Stadt,2024-06-29,
M,AK4,Raw,66,Total,,,,,Rekord offen
M,Open,Raw,74,Total,672.5,JOCH Pascal,"Wiener Meisterschaft Allgeimein KDK Stockerau, Nö",2026-04-18,
M,Jugend,Raw,74,Total,585,SCHIPEK Liuming,"Staatsmeisterschaft Allg KDK Amstetten, Nö",2023-09-10,
M,Junioren,Raw,74,Total,615,BALAZS Adrian,"Staatsmeisterschaft Allg KDK Wien, W",2024-09-15,
M,AK1,Raw,74,Total,570,SCHOBER Johannes,"Weltmeisterschaft AK 1-4 KDK Cape Town, Südafrika",2025-10-19,
M,AK2,Raw,74,Total,512.5,MÖTH Helmut,"Wiener Meisterschaft KDK Stockerau, Nö",2024-05-05,
M,AK3,Raw,74,Total,410,MAYER Gerhard,"Wiener Meisterschaft KDK Stockerau, Nö",2023-04-23,
M,AK4,Raw,74,Total,339,STROHOFER Werner,"Staatsmeisterschaft Allg KDK Amstetten, Nö",2021-09-05,
M,Open,Raw,83,Total,745,SCHNELL Raffael,"Europameisterschaft Nachwuchs KDK Druskininkai, Litauen",2025-12-07,
M,Jugend,Raw,83,Total,677.5,ZHOU Emilio,"Staatsmeisterschaft Allg KDK Amstetten, Nö",2023-09-10,
M,Junioren,Raw,83,Total,745,SCHNELL Raffael,"Europameisterschaft Nachwuchs KDK Druskininkai, Litauen",2025-12-07,
M,AK1,Raw,83,Total,617.5,KEPPLER Matthias,"Europameisterschaft Masters KDK Pilsen, Tschechien",2021-07-13,
M,AK2,Raw,83,Total,585,WEGERER Michael,"Österr. Meisterschaft Masters KDK Amstetten, Nö",2026-06-07,
M,AK3,Raw,83,Total,442.5,REISS Johannes,"Europameisterschaft AK 1-4 KDK Györ, Ungarn",2019-03-10,
M,AK4,Raw,83,Total,345,WINKLER Matthias,"Salzburger Meisterschaft KDK Grödig, S",2022-05-15,
M,Open,Raw,93,Total,800.5,HOFER René,Staatsmeisterschaft Allg KDK Wien-Stadt,2025-09-07,
M,Jugend,Raw,93,Total,722.5,PETERSEN Simon,"Steirische Meisterschaft KDK Dillach, St",2023-04-30,
M,Junioren,Raw,93,Total,752.5,HOFER René,"Europameisterschaft Allg KDK Kaunas, Litauen",2019-12-07,
M,AK1,Raw,93,Total,705,MUSIL Michael,"Staatsmeisterschaft Allg KDK Amstetten, Nö",2021-09-04,
M,AK2,Raw,93,Total,705,MUSIL Michael,"Staatsmeisterschaft Allg KDK Amstetten, Nö",2021-09-04,
M,AK3,Raw,93,Total,512.5,SOLANAKIS Dimitrios,"Österr. Meisterschaft Masters KDK Scharnstein, Oö",2025-06-21,
M,AK4,Raw,93,Total,370,KHOSROW Riahi,"Landesmeisterschaft Nö KDK Amstetten, Nö",2021-08-14,
M,Open,Raw,105,Total,836.5,DEMIR Hamza,"Weltmeisterschaft Jugend KDK Cluj-Napoca, Rumänien",2023-09-03,
M,Jugend,Raw,105,Total,836.5,DEMIR Hamza,"Weltmeisterschaft Jugend KDK Cluj-Napoca, Rumänien",2023-09-03,
M,Junioren,Raw,105,Total,836.5,DEMIR Hamza,"Weltmeisterschaft Jugend KDK Cluj-Napoca, Rumänien",2023-09-03,
M,AK1,Raw,105,Total,800,BRUNNER Rene,"Europameisterschaft Masters KDK Budapest, Ungarn",2023-03-05,
M,AK2,Raw,105,Total,582.5,RASPOTNIG Günther,Österr. Meisterschaft Nachwuchs KDK Wien-Stadt,2024-06-29,
M,AK3,Raw,105,Total,562.5,HUEMER Franz,"Salzburger Meisterschaft KDK Salzburg, S",2023-04-23,
M,AK4,Raw,105,Total,275,WAGENLEITNER Günther,"Niederösterr. Meisterschaft KDK Amstetten, Nö",2022-03-20,
M,Open,Raw,120,Total,840,LEITNER Michael,"Staatsmeisterschaft Allg KDK Wien, W",2024-09-15,
M,Jugend,Raw,120,Total,690,KELEMEN Raphael,"Österr. Meisterschaft Nachwuchs KDK Scharnstein, Oö",2025-06-21,
M,Junioren,Raw,120,Total,782.5,BACHNER Ludwig,"Europameisterschat Allg KDK Västeras, Schweden",2021-12-12,
M,AK1,Raw,120,Total,775,KASPAREK Gernot,"Europameisterschaft Allg 1-4 KDK Pilsen, Tschechien",2015-03-28,
M,AK2,Raw,120,Total,667.5,KASPAREK Gernot,"Steirische Meisterschaft KDK Feldkirchen, St",2025-03-23,
M,AK3,Raw,120,Total,548.5,HUEMER Franz,"Österr. Meisterschaft Masters KDK Scharnstein, Oö",2025-06-21,
M,AK4,Raw,120,Total,,,,,Rekord offen
M,Open,Raw,120+,Total,915.5,RENNER Alexander,"Burgenländische Meisterschaft KDK Frauenkirchen, B",2024-04-27,
M,Jugend,Raw,120+,Total,747.5,NIKOLIC Philip,"Europameisterschaft Allg KDK Skierniewice, Polen",2022-12-04,
M,Junioren,Raw,120+,Total,880,RENNER Alexander,"Europameisterschaft Jun KDK Skierniewice, Polen",2022-12-04,
M,AK1,Raw,120+,Total,710,FERSTL Günther,"Staatsmeisterschaft Allg KDK Amstetten, NÖ",2023-09-09,
M,AK2,Raw,120+,Total,650,KERSCHBAUMER Bernd,"Weltmeisterschaft AK 1-4 KDK Minsk, Weißrussland",2017-06-25,
M,AK3,Raw,120+,Total,487.5,HABERFELLNER Günter,"Österr. Meisterschaft Masters KDK Frauenkirchen, B",2023-06-25,
M,AK4,Raw,120+,Total,,,,,Rekord offen
F,Jugend,Raw,43,Squat,42.5,REICH Cheyenne,"Österr. Meisterschaft Jug KDK Stockerau, Nö",2014-05-18,
F,Junioren,Raw,43,Squat,42.5,REICH Cheyenne,"Österr. Meisterschaft Jug KDK Stockerau, Nö",2014-05-18,
F,Open,Raw,47,Squat,107.5,MAYEDA Keiko,"Staatsmeisterschaft Allg KDK Freistadt, Oö",2019-09-21,
F,Jugend,Raw,47,Squat,70,MÜLLER Nicole,"Austria Classic Cup Allg KDK Stockerau, Nö",2012-03-17,
F,Junioren,Raw,47,Squat,107.5,MAYEDA Keiko,"Staatsmeisterschaft Allg KDK Freistadt, Oö",2019-09-21,
F,AK1,Raw,47,Squat,105,SCHWENGL-FORSTHUBER Ilka,"Europameisterschaft Allg KDK Pilsen, Tschechien",2015-03-25,
F,AK2,Raw,47,Squat,105,SCHWENGL-FORSTHUBER Ilka,"Europameisterschaft Allg KDK Pilsen, Tschechien",2015-03-25,
F,AK3,Raw,47,Squat,,,,,Rekord offen
F,AK4,Raw,47,Squat,,,,,Rekord offen
F,Open,Raw,52,Squat,151.5,BIJELIC Jelena,Staatsmeisterschaft Allg KDK Wien-Stadt,2025-09-07,
F,Jugend,Raw,52,Squat,100,HINTERHÖLZL Nina,"Europameisterschaft Jug KDK Kaunas, Litauen",2018-12-02,
F,Junioren,Raw,52,Squat,122.5,MAYEDA Keiko,"Staatsmeisterschaft Allg KDK Amstetten, Nö",2022-09-18,
F,AK1,Raw,52,Squat,122.5,GAPP Barbara,"Weltmeisterschaft Allg KDK Halmstad, Schweden",2021-09-30,
F,AK2,Raw,52,Squat,,,,,Rekord offen
F,AK3,Raw,52,Squat,,,,,Rekord offen
F,AK4,Raw,52,Squat,,,,,Rekord offen
F,Open,Raw,57,Squat,153.5,BUTTINGER-KREUZHUBER Elisabeth,"Österr. Meisterschaft Masters Gästekl KDK Amstetten, Nö",2026-06-07,
F,Jugend,Raw,57,Squat,108,ELDER Lena,"Österr. Meisterschaft Nachwuchs KDK Scharnstein, Oö",2025-06-21,
F,Junioren,Raw,57,Squat,145.5,PRINZ Lisa,Österr. Meisterschaft Nachwuchs KDK Wien-Stadt,2024-06-29,
F,AK1,Raw,57,Squat,130,GAPP Barbara,"Oberösterr. Meisterschaft KDK Linz, Oö",2023-04-30,
F,AK2,Raw,57,Squat,72.5,ULMER-WOLF Anneliese,"Austria Classic Cup Allg KDK Stockerau, Nö",2012-12-01,
F,AK3,Raw,57,Squat,72.5,ULMER-WOLF Anneliese,"Austria Classic Cup Allg KDK Stockerau, Nö",2012-12-01,
F,AK4,Raw,57,Squat,,,,,Rekord offen
F,Open,Raw,63,Squat,173,SUPANETZ Pantea,"Staatsmeisterschaft Allg KDK Amstetten, Nö",2022-09-18,
F,Jugend,Raw,63,Squat,108,ELDER Lena,Österr. Meisterschaft Nachwuchs KDK Wien-Stadt,2024-06-29,
F,Junioren,Raw,63,Squat,162.5,CATENA Blessing,"Österr. Meisterschaft Nachwuchs KDK Amstetten, Nö",2026-06-07,
F,AK1,Raw,63,Squat,122.5,KEIML Elisabeth,"Staatsmeisterschaft Allg KDK Stockerau, Nö",2016-12-03,
F,AK2,Raw,63,Squat,122.5,KEIML Elisabeth,"Staatsmeisterschaft Allg KDK Stockerau, Nö",2016-12-03,
F,AK3,Raw,63,Squat,120,KEIML Elisabeth,"Österr. Meisterschaft Jun KDK Lochen, Oö",2019-06-30,
F,AK4,Raw,63,Squat,65,SCHIENER Elisabeth,"Österr. Meisterschaft Masters KDK Frauenkirchen, B",2023-06-25,
F,Open,Raw,69,Squat,187.5,JUNGMANN Raphaela,"Niederösterr. Meisterschaft KDK Gallneukirchen, Oö",2026-05-03,
F,Jugend,Raw,69,Squat,127.5,ELGHANAM Logina,"Österr. Meisterschaft Jug KDK Frauenkirchen, B",2023-06-25,
F,Junioren,Raw,69,Squat,155,PILWAX Sophia,"Weltmeisterschaft Jun KDK Istanbul, Türkei",2022-08-27,
F,AK1,Raw,69,Squat,123,KATA Elizabeth,"Österr. Meisterschaft Masters KDK Amstetten, Nö",2026-06-07,
F,AK2,Raw,69,Squat,105,KEIML Elisabeth,"Niederösterr. Meisterschaft KDK Amstetten, Nö",2025-05-04,
F,AK3,Raw,69,Squat,105,KEIML Elisabeth,"Niederösterr. Meisterschaft KDK Amstetten, Nö",2025-05-04,
F,AK4,Raw,69,Squat,70,"PFEIFFER Friederike, Mag.","Niederösterr. Meisterschaft KDK Amstetten, Nö",2022-03-19,
F,Open,Raw,76,Squat,187.5,EGGEL Christina,"Europameisterschaft Allgemein KDK Tartu, Estland",2023-12-09,
F,Jugend,Raw,76,Squat,140.5,PASCHER Pamina,"Österr. Meisterschaft Nachwuchs KDK Amstetten, Nö",2026-06-07,
F,Junioren,Raw,76,Squat,172.5,WALLNER Bettina,"Österr. Meisterschaft Nachwuchs KDK Amstetten, Nö",2026-06-07,
F,AK1,Raw,76,Squat,152.5,STROHMAIER Martina,"Staatsmeisterschaft Allg KDK Amstetten, Nö",2021-09-05,
F,AK2,Raw,76,Squat,60,MEYNDT Ulrike,"Oberösterr. Meisterschaft KDK Gallneukirchen, Oö",2026-05-03,
F,AK3,Raw,76,Squat,,,,,Rekord offen
F,AK4,Raw,76,Squat,,,,,Rekord offen
F,Open,Raw,84,Squat,191.5,SULLIVAN Bianca,Staatsmeisterschaft Allg KDK Wien-Stadt,2025-09-07,
F,Jugend,Raw,84,Squat,132.5,SÖLDNER Daniela,Österr. Meisterschaft Nachwuchs KDK Wien-Stadt,2024-06-29,
F,Junioren,Raw,84,Squat,180,TICHY Alexandra,"Grand Prix Jun KDK Casta, Slowakei",2012-10-06,
F,AK1,Raw,84,Squat,146,SCHMID Elisabeth,"Österr. Meisterschaft Masters KDK Amstetten, Nö",2026-06-07,
F,AK2,Raw,84,Squat,130.5,MIMRA Dagmar,"Niederösterr. Meisterschaft KDK Gallneukirchen, Oö",2026-05-03,
F,AK3,Raw,84,Squat,,,,,Rekord offen
F,AK4,Raw,84,Squat,,,,,Rekord offen
F,Open,Raw,84+,Squat,210.5,VILLUKAS Maria,Staatsmeisterschaft Allg KDK Wien-Stadt,2025-09-07,
F,Jugend,Raw,84+,Squat,160,RAUTH Romina,"Österr. Meisterschaft Jug KDK Frauenkirchen, B",2023-06-25,
F,Junioren,Raw,84+,Squat,162.5,ZOTTL Jeannine,"Länderpokal KDK Dornbirn, V",2025-07-05,
F,AK1,Raw,84+,Squat,192.5,SULLIVAN Bianca,"Niederösterr. Meisterschaft KDK Gallneukirchen, Oö",2026-05-03,
F,AK2,Raw,84+,Squat,151,MIMRA Dagmar,"Österr. Meisterschaft Masters KDK Scharnstein, Oö",2025-06-21,
F,AK3,Raw,84+,Squat,,,,,Rekord offen
F,AK4,Raw,84+,Squat,,,,,Rekord offen
F,Jugend,Raw,43,Bench,35,REICH Cheyenne,"Österr. Meisterschaft Jug KDK Stockerau, Nö",2014-05-18,
F,Junioren,Raw,43,Bench,35,REICH Cheyenne,"Österr. Meisterschaft Jug KDK Stockerau, Nö",2014-05-18,
F,Open,Raw,47,Bench,85,SCHWENGL-FORSTHUBER Ilka,"Europameisterschaft Allg KDK Pilsen, Tschechien",2015-03-25,
F,Jugend,Raw,47,Bench,40,MÜLLER Nicole,"Austria Classic Cup Allg KDK Stockerau, Nö",2012-03-17,
F,Junioren,Raw,47,Bench,65,MAYEDA Keiko,"Staatsmeisterschaft Allg KDK Freistadt, Oö",2019-09-21,
F,AK1,Raw,47,Bench,85,SCHWENGL-FORSTHUBER Ilka,"Europameisterschaft Allg KDK Pilsen, Tschechien",2015-03-25,
F,AK2,Raw,47,Bench,85,SCHWENGL-FORSTHUBER Ilka,"Europameisterschaft Allg KDK Pilsen, Tschechien",2015-03-25,
F,AK3,Raw,47,Bench,,,,,Rekord offen
F,AK4,Raw,47,Bench,,,,,Rekord offen
F,Open,Raw,52,Bench,100,BIJELIC Jelena,Staatsmeisterschaft Allg KDK Wien-Stadt,2025-09-07,
F,Jugend,Raw,52,Bench,60.5,HINTERHÖLZL Nina,"Österr. Meisterschaft Jug KDK Stockerau, Nö",2018-06-23,
F,Junioren,Raw,52,Bench,82.5,VITERBO Rosamaria,"Staatsmeisterschaft Allg KDK Freistadt, Oö",2019-09-21,
F,AK1,Raw,52,Bench,85,SCHWENGL-FORSTHUBER Ilka,"Österr. Meisterschaft AK 1-4 KDK Stockerau, Nö",2014-05-18,
F,AK2,Raw,52,Bench,,,,,Rekord offen
F,AK3,Raw,52,Bench,,,,,Rekord offen
F,AK4,Raw,52,Bench,,,,,Rekord offen
F,Open,Raw,57,Bench,105,ADELMANN Anja,"Österr. Meisterschaft Jun KDK Mayrwies, S",2021-07-24,
F,Jugend,Raw,57,Bench,62.5,ELDER Lena,"Niederösterr. Meisterschaft KDK Amstetten, Nö",2025-05-04,
F,Junioren,Raw,57,Bench,105,ADELMANN Anja,"Österr. Meisterschaft Jun KDK Mayrwies, S",2021-07-24,
F,AK1,Raw,57,Bench,72.5,GAPP Barbara,"Europameisterschaft Allg KDK Skierniewice, Polen",2022-12-04,
F,AK2,Raw,57,Bench,40,ULMER-WOLF Anneliese,"Austria Classic Cup Allg KDK Stockerau, Nö",2012-03-17,
F,AK3,Raw,57,Bench,40,ULMER-WOLF Anneliese,"Austria Classic Cup Allg KDK Stockerau, Nö",2012-03-17,
F,AK4,Raw,57,Bench,,,,,Rekord offen
F,Open,Raw,63,Bench,113,RUESS Sonja,Staatsmeisterschaft Allg KDK Wien-Stadt,2025-09-07,
F,Jugend,Raw,63,Bench,66,DEUTSCH Emily,"Landesmeisterschaft Oö KDK Freistadt, Oö",2021-06-26,
F,Junioren,Raw,63,Bench,102,ADELMANN Anja,"Landesmeisterschaft Nö KDK Amstetten, Nö",2021-08-14,
F,AK1,Raw,63,Bench,70,KEIML Elisabeth,"Austria Classic Cup Allg KDK Stockerau, Nö",2012-12-01,
F,AK2,Raw,63,Bench,70,KEIML Elisabeth,"Austria Classic Cup Allg KDK Stockerau, Nö",2012-12-01,
F,AK3,Raw,63,Bench,67.5,KEIML Elisabeth,"Europameisterschaft AK 1-4 KDK Györ, Ungarn",2019-03-10,
F,AK4,Raw,63,Bench,47.5,SCHIENER Elisabeth,"Österr. Meisterschaft Masters KDK Frauenkirchen, B",2023-06-25,
F,Open,Raw,69,Bench,113.5,JUNGMANN Raphaela,"Staatsmeisterschaft Allg KDK Wien, W",2024-09-15,
F,Jugend,Raw,69,Bench,63,MARHOLD Elke,"Oberösterr. Meisterschaft KDK Amstetten, Nö",2024-05-12,
F,Junioren,Raw,69,Bench,97,SCHÖPF Desiree,"Österr. Meisterschaft Nachwuchs KDK Scharnstein, Oö",2025-06-21,
F,AK1,Raw,69,Bench,60.5,KEIML Elisabeth,"Niederösterr. Meisterschaft KDK Amstetten, Nö",2025-05-04,
F,AK2,Raw,69,Bench,60.5,KEIML Elisabeth,"Niederösterr. Meisterschaft KDK Amstetten, Nö",2025-05-04,
F,AK3,Raw,69,Bench,60.5,KEIML Elisabeth,"Niederösterr. Meisterschaft KDK Amstetten, Nö",2025-05-04,
F,AK4,Raw,69,Bench,55,"PFEIFFER Friederike, Mag.",Niederösterr. Meisterschaft KDK Amstetten Nö,2022-03-19,
F,Open,Raw,76,Bench,115,ZBIRAL Barbara,Staatsmeisterschaft Allg KDK Wien-Stadt,2025-09-07,
F,Jugend,Raw,76,Bench,94,PASCHER Pamina,"Österr. Meisterschaft Nachwuchs KDK Amstetten, Nö",2026-06-07,
F,Junioren,Raw,76,Bench,105.5,SCHÖPF Desiree,"Österr. Meisterschaft Nachwuchs KDK Amstetten, Nö",2026-06-07,
F,AK1,Raw,76,Bench,82.5,STROHMAIER Martina,"Staatsmeisterschaft Allg KDK Amstetten, Nö",2021-09-05,
F,AK2,Raw,76,Bench,40,MEYNDT Ulrike,"Oberösterr. Meisterschaft KDK Gallneukirchen, Oö",2026-05-03,
F,AK3,Raw,76,Bench,,,,,Rekord offen
F,AK4,Raw,76,Bench,,,,,Rekord offen
F,Open,Raw,84,Bench,123,SULLIVAN Bianca,"Staatsmeisterschaft Allg KDK Amstetten, Nö",2023-09-10,
F,Jugend,Raw,84,Bench,72.5,SÖLDNER Daniela,Österr. Meisterschaft Nachwuchs KDK Wien-Stadt,2024-06-29,
F,Junioren,Raw,84,Bench,115,TICHY Alexandra,"Grand Prix Jun KDK Casta, Slowakei",2012-10-06,
F,AK1,Raw,84,Bench,90.5,MÜLLEBNER Erika,"Oberösterr. Meisterschaft KDK Amstetten, Nö",2025-05-04,
F,AK2,Raw,84,Bench,80,MIMRA Dagmar,"Niederösterr. Meisterschaft KDK Gallneukirchen, Oö",2026-05-03,
F,AK3,Raw,84,Bench,,,,,Rekord offen
F,AK4,Raw,84,Bench,,,,,Rekord offen
F,Open,Raw,84+,Bench,118.5,SULLIVAN Bianca,"Niederösterr. Meisterschaft KDK Gallneukirchen, Oö",2026-05-03,
F,Jugend,Raw,84+,Bench,82.5,RAUTH Romina,"Österr. Meisterschaft Jug KDK Frauenkirchen, B",2023-06-25,
F,Junioren,Raw,84+,Bench,82.5,RAUTH Romina,"Österr. Meisterschaft Jug KDK Frauenkirchen, B",2023-06-25,
F,AK1,Raw,84+,Bench,118.5,SULLIVAN Bianca,"Niederösterr. Meisterschaft KDK Gallneukirchen, Oö",2026-05-03,
F,AK2,Raw,84+,Bench,86,MIMRA Dagmar,"Österr. Meisterschaft Masters KDK Scharnstein, Oö",2025-06-21,
F,AK3,Raw,84+,Bench,,,,,Rekord offen
F,AK4,Raw,84+,Bench,,,,,Rekord offen
F,Jugend,Raw,43,Deadlift,80,REICH Cheyenne,"Österr. Meisterschaft Jug KDK Stockerau, Nö",2014-05-18,
F,Junioren,Raw,43,Deadlift,80,REICH Cheyenne,"Österr. Meisterschaft Jug KDK Stockerau, Nö",2014-05-18,
F,Open,Raw,47,Deadlift,120,MAYEDA Keiko,"Staatsmeisterschaft Allg KDK Freistadt, Oö",2019-09-21,
F,Jugend,Raw,47,Deadlift,75,MÜLLER Nicole,"Austria Classic Cup Allg KDK Stockerau, Nö",2012-03-17,
F,Junioren,Raw,47,Deadlift,120,MAYEDA Keiko,"Staatsmeisterschaft Allg KDK Freistadt, Oö",2019-09-21,
F,AK1,Raw,47,Deadlift,107.5,SCHWENGL-FORSTHUBER Ilka,"Europameisterschaft Allg KDK Pilsen, Tschechien",2015-03-25,
F,AK2,Raw,47,Deadlift,107.5,SCHWENGL-FORSTHUBER Ilka,"Europameisterschaft Allg KDK Pilsen, Tschechien",2015-03-25,
F,AK3,Raw,47,Deadlift,,,,,Rekord offen
F,AK4,Raw,47,Deadlift,,,,,Rekord offen
F,Open,Raw,52,Deadlift,190,GAPP Barbara,"Weltmeisterschaft Allg KDK Halmstad, Schweden",2021-09-30,
F,Jugend,Raw,52,Deadlift,117.5,HINTERHÖLZL Nina,"Europameisterschaft Jug KDK Kaunas, Litauen",2018-12-02,
F,Junioren,Raw,52,Deadlift,142.5,MAYEDA Keiko,"Staatsmeisterschaft Allg KDK Amstetten, Nö",2022-09-18,
F,AK1,Raw,52,Deadlift,190,GAPP Barbara,"Weltmeisterschaft Allg KDK Halmstad, Schweden",2021-09-30,
F,AK2,Raw,52,Deadlift,,,,,Rekord offen
F,AK3,Raw,52,Deadlift,,,,,Rekord offen
F,AK4,Raw,52,Deadlift,,,,,Rekord offen
F,Open,Raw,57,Deadlift,200,GAPP Barbara,"Europameisterschaft Allgemein KDK Tartu, Estland",2023-12-09,
F,Jugend,Raw,57,Deadlift,150,RUTHNER Cornelia,"Wiener Meisterschaft Allgeimein KDK Stockerau, Nö",2026-04-18,
F,Junioren,Raw,57,Deadlift,164.5,PRINZ Lisa,Österr. Meisterschaft Nachwuchs KDK Wien-Stadt,2024-06-29,
F,AK1,Raw,57,Deadlift,200,GAPP Barbara,"Europameisterschaft Allgemein KDK Tartu, Estland",2023-12-09,
F,AK2,Raw,57,Deadlift,112.5,ULMER-WOLF Anneliese,"Austria Classic Cup Allg KDK Stockerau, Nö",2012-12-01,
F,AK3,Raw,57,Deadlift,112.5,ULMER-WOLF Anneliese,"Austria Classic Cup Allg KDK Stockerau, Nö",2012-12-01,
F,AK4,Raw,57,Deadlift,,,,,Rekord offen
F,Open,Raw,63,Deadlift,195,SUPANETZ Pantea,"Europameisterschat Allg KDK Västeras, Schweden",2021-12-12,
F,Jugend,Raw,63,Deadlift,150.5,KOTSCHWAR Viktoria,"Österr. Meisterschaft Jug KDK Stockerau, Nö",2018-06-23,
F,Junioren,Raw,63,Deadlift,182.5,PILWAX Sophia,"Weltmeisterschaft Jun KDK Halmstad, Schweden",2021-09-30,
F,AK1,Raw,63,Deadlift,150,KEIML Elisabeth,"Staatsmeisterschaft Allg KDK Stockerau, Nö",2016-12-03,
F,AK2,Raw,63,Deadlift,150,KEIML Elisabeth,"Staatsmeisterschaft Allg KDK Stockerau, Nö",2016-12-03,
F,AK3,Raw,63,Deadlift,150,KEIML Elisabeth,"Österr. Meisterschaft Jun KDK Lochen, Oö",2019-06-30,
F,AK4,Raw,63,Deadlift,87.5,SCHIENER Elisabeth,"Österr. Meisterschaft Masters KDK Frauenkirchen, B",2023-06-25,
F,Open,Raw,69,Deadlift,205.5,JUNGMANN Raphaela,"Niederösterr. Meisterschaft KDK Gallneukirchen, Oö",2026-05-03,
F,Jugend,Raw,69,Deadlift,152.5,ELGHANAM Logina,"Österr. Meisterschaft Jug KDK Frauenkirchen, B",2023-06-25,
F,Junioren,Raw,69,Deadlift,197.5,PILWAX Sophia,"Europameisterschaft Allg KDK Skierniewice, Polen",2022-12-04,
F,AK1,Raw,69,Deadlift,145.5,KATA Elizabeth,"Österr. Meisterschaft Masters KDK Amstetten, Nö",2026-06-07,
F,AK2,Raw,69,Deadlift,130.5,KEIML Elisabeth,"Niederösterr. Meisterschaft KDK Amstetten, Nö",2025-05-04,
F,AK3,Raw,69,Deadlift,130.5,KEIML Elisabeth,"Niederösterr. Meisterschaft KDK Amstetten, Nö",2025-05-04,
F,AK4,Raw,69,Deadlift,110,"PFEIFFER Friederike, Mag.",Niederösterr. Meisterschaft KDK Amstetten Nö,2022-03-19,
F,Open,Raw,76,Deadlift,220,EGGEL Christina,"Europameisterschaft Allgemein KDK Tartu, Estland",2023-12-09,
F,Jugend,Raw,76,Deadlift,156,STEINER Samia,"Oberösterr. Meisterschaft KDK Gallneukirchen, Oö",2026-05-03,
F,Junioren,Raw,76,Deadlift,201,WALLNER Bettina,"Österr. Meisterschaft Nachwuchs KDK Amstetten, Nö",2026-06-07,
F,AK1,Raw,76,Deadlift,170,STROHMAIER Martina,"Staatsmeisterschaft Allg KDK Amstetten, Nö",2021-09-05,
F,AK2,Raw,76,Deadlift,80,MEYNDT Ulrike,"Oberösterr. Meisterschaft KDK Gallneukirchen, Oö",2026-05-03,
F,AK3,Raw,76,Deadlift,,,,,Rekord offen
F,AK4,Raw,76,Deadlift,,,,,Rekord offen
F,Open,Raw,84,Deadlift,202.5,WALLNER Bettina,"Landesmeisterschaft T KDK Kennelbach, V",2026-04-12,
F,Jugend,Raw,84,Deadlift,157.5,SÖLDNER Daniela,"Niederösterr. Meisterschaft KDK Amstetten, Nö",2024-05-12,
F,Junioren,Raw,84,Deadlift,202.5,WALLNER Bettina,"Landesmeisterschaft T KDK Kennelbach, V",2026-04-12,
F,AK1,Raw,84,Deadlift,155.5,SCHMID Elisabeth,"Österr. Meisterschaft Masters KDK Scharnstein, Oö",2025-06-21,
F,AK2,Raw,84,Deadlift,150.5,MIMRA Dagmar,"Österr. Meisterschaft Masters KDK Amstetten, Nö",2026-06-07,
F,AK3,Raw,84,Deadlift,,,,,Rekord offen
F,AK4,Raw,84,Deadlift,,,,,Rekord offen
F,Open,Raw,84+,Deadlift,222.5,GIERLINGER Stefanie,"Europameisterschaft Allg KDK Velika Gorica, Kroatien",2024-03-17,
F,Jugend,Raw,84+,Deadlift,155,RAUTH Romina,"Österr. Meisterschaft Jug KDK Frauenkirchen, B",2023-06-25,
F,Junioren,Raw,84+,Deadlift,177.5,ZOTTL Jeannine,"Länderpokal KDK Dornbirn, V",2025-07-05,
F,AK1,Raw,84+,Deadlift,200,SULLIVAN Bianca,"Niederösterr. Meisterschaft KDK Gallneukirchen, Oö",2026-05-03,
F,AK2,Raw,84+,Deadlift,175,MIMRA Dagmar,"Österr. Meisterschaft Masters KDK Scharnstein, Oö",2025-06-21,
F,AK3,Raw,84+,Deadlift,,,,,Rekord offen
F,AK4,Raw,84+,Deadlift,,,,,Rekord offen
F,Jugend,Raw,43,Total,157.5,REICH Cheyenne,"Österr. Meisterschaft Jug KDK Stockerau, Nö",2014-05-18,
F,Junioren,Raw,43,Total,157.5,REICH Cheyenne,"Österr. Meisterschaft Jug KDK Stockerau, Nö",2014-05-18,
F,Open,Raw,47,Total,292.5,MAYEDA Keiko,"Staatsmeisterschaft Allg KDK Freistadt, Oö",2019-09-21,
F,Jugend,Raw,47,Total,185,MÜLLER Nicole,"Austria Classic Cup Allg KDK Stockerau, Nö",2012-03-17,
F,Junioren,Raw,47,Total,120,MAYEDA Keiko,"Staatsmeisterschaft Allg KDK Freistadt, Oö",2019-09-21,
F,AK1,Raw,47,Total,297.5,SCHWENGL-FORSTHUBER Ilka,"Europameisterschaft Allg KDK Pilsen, Tschechien",2015-03-25,
F,AK2,Raw,47,Total,297.5,SCHWENGL-FORSTHUBER Ilka,"Europameisterschaft Allg KDK Pilsen, Tschechien",2015-03-25,
F,AK3,Raw,47,Total,,,,,Rekord offen
F,AK4,Raw,47,Total,,,,,Rekord offen
F,Open,Raw,52,Total,425,BIJELIC Jelena,"Europameisterschaft Allg KDK Malaga, Spanien",2025-03-23,
F,Jugend,Raw,52,Total,277.5,HINTERHÖLZL Nina,"Europameisterschaft Jug KDK Kaunas, Litauen",2018-12-02,
F,Junioren,Raw,52,Total,337.5,MAYEDA Keiko,"Staatsmeisterschaft Allg KDK Amstetten, Nö",2022-09-18,
F,AK1,Raw,52,Total,380,GAPP Barbara,"Weltmeisterschaft Allg KDK Halmstad, Schweden",2021-09-30,
F,AK2,Raw,52,Total,,,,,Rekord offen
F,AK3,Raw,52,Total,,,,,Rekord offen
F,AK4,Raw,52,Total,,,,,Rekord offen
F,Open,Raw,57,Total,405,GAPP Barbara,"Staatsmeisterschaft Allg KDK Amstetten, Nö",2023-09-10,
F,Jugend,Raw,57,Total,310,RUTHNER Cornelia,"Wiener Meisterschaft Allgeimein KDK Stockerau, Nö",2026-04-18,
F,Junioren,Raw,57,Total,402.5,ADELMANN Anja,"Europameisterschat Allg KDK Västeras, Schweden",2021-12-12,
F,AK1,Raw,57,Total,405,GAPP Barbara,"Staatsmeisterschaft Allg KDK Amstetten, Nö",2023-09-10,
F,AK2,Raw,57,Total,225,ULMER-WOLF Anneliese,"Austria Classic Cup Allg KDK Stockerau, Nö",2012-12-01,
F,AK3,Raw,57,Total,225,ULMER-WOLF Anneliese,"Austria Classic Cup Allg KDK Stockerau, Nö",2012-12-01,
F,AK4,Raw,57,Total,,,,,Rekord offen
F,Open,Raw,63,Total,475.5,SUPANETZ Pantea,"Staatsmeisterschaft Allg KDK Amstetten, Nö",2022-09-18,
F,Jugend,Raw,63,Total,312.5,KOTSCHWAR Viktoria,"Weltmeisterschaft Jug KDK Calgary, Kanada",2018-06-17,
F,Junioren,Raw,63,Total,412.5,PILWAX Sophia,"Weltmeisterschaft Jun KDK Halmstad, Schweden",2021-09-30,
F,AK1,Raw,63,Total,342.5,KEIML Elisabeth,"Staatsmeisterschaft Allg KDK Stockerau, Nö",2016-12-03,
F,AK2,Raw,63,Total,342.5,KEIML Elisabeth,"Staatsmeisterschaft Allg KDK Stockerau, Nö",2016-12-03,
F,AK3,Raw,63,Total,335,KEIML Elisabeth,"Österr. Meisterschaft Jun KDK Lochen, Oö",2019-06-30,
F,AK4,Raw,63,Total,200,SCHIENER Elisabeth,"Österr. Meisterschaft Masters KDK Frauenkirchen, B",2023-06-25,
F,Open,Raw,69,Total,500.5,JUNGMANN Raphaela,"Niederösterr. Meisterschaft KDK Gallneukirchen, Oö",2026-05-03,
F,Jugend,Raw,69,Total,342.5,ELGHANAM Logina,"Österr. Meisterschaft Jug KDK Frauenkirchen, B",2023-06-25,
F,Junioren,Raw,69,Total,445,PILWAX Sophia,"Europameisterschaft Allg KDK Skierniewice, Polen",2022-12-04,
F,AK1,Raw,69,Total,328.5,KATA Elizabeth,"Österr. Meisterschaft Masters KDK Amstetten, Nö",2026-06-07,
F,AK2,Raw,69,Total,296,KEIML Elisabeth,"Niederösterr. Meisterschaft KDK Amstetten, Nö",2025-05-04,
F,AK3,Raw,69,Total,296,KEIML Elisabeth,"Niederösterr. Meisterschaft KDK Amstetten, Nö",2025-05-04,
F,AK4,Raw,69,Total,235,"PFEIFFER Friederike, Mag.",Niederösterr. Meisterschaft KDK Amstetten Nö,2022-03-19,
F,Open,Raw,76,Total,505,EGGEL Christina,"Europameisterschaft Allgemein KDK Tartu, Estland",2023-12-09,
F,Jugend,Raw,76,Total,369.5,PASCHER Pamina,"Österr. Meisterschaft Nachwuchs KDK Amstetten, Nö",2026-06-07,
F,Junioren,Raw,76,Total,466,WALLNER Bettina,"Österr. Meisterschaft Nachwuchs KDK Amstetten, Nö",2026-06-07,
F,AK1,Raw,76,Total,405,STROHMAIER Martina,"Staatsmeisterschaft Allg KDK Amstetten, Nö",2021-09-05,
F,AK2,Raw,76,Total,180,MEYNDT Ulrike,"Oberösterr. Meisterschaft KDK Gallneukirchen, Oö",2026-05-03,
F,AK3,Raw,76,Total,,,,,Rekord offen
F,AK4,Raw,76,Total,,,,,Rekord offen
F,Open,Raw,84,Total,514.5,SULLIVAN Bianca,"Staatsmeisterschaft Allg KDK Amstetten, Nö",2023-09-10,
F,Jugend,Raw,84,Total,360,SÖLDNER Daniela,Österr. Meisterschaft Nachwuchs KDK Wien-Stadt,2024-06-29,
F,Junioren,Raw,84,Total,475,TICHY Alexandra,"Grand Prix Jun KDK Casta, Slowakei",2012-10-06,
F,AK1,Raw,84,Total,366,SCHMID Elisabeth,"Österr. Meisterschaft Masters KDK Scharnstein, Oö",2025-06-21,
F,AK2,Raw,84,Total,360.5,MIMRA Dagmar,"Niederösterr. Meisterschaft KDK Gallneukirchen, Oö",2026-05-03,
F,AK3,Raw,84,Total,,,,,Rekord offen
F,AK4,Raw,84,Total,,,,,Rekord offen
F,Open,Raw,84+,Total,550,GIERLINGER Stefanie,"Europameisterschaft Allg KDK Velika Gorica, Kroatien",2024-03-17,
F,Jugend,Raw,84+,Total,397.5,RAUTH Romina,"Österr. Meisterschaft Jug KDK Frauenkirchen, B",2023-06-25,
F,Junioren,Raw,84+,Total,420,ZOTTL Jeannine,"Länderpokal KDK Dornbirn, V",2025-07-05,
F,AK1,Raw,84+,Total,511,SULLIVAN Bianca,"Niederösterr. Meisterschaft KDK Gallneukirchen, Oö",2026-05-03,
F,AK2,Raw,84+,Total,412,MIMRA Dagmar,"Österr. Meisterschaft Masters KDK Scharnstein, Oö",2025-06-21,
F,AK3,Raw,84+,Total,,,,,Rekord offen
F,AK4,Raw,84+,Total,,,,,Rekord offen
